shot_id,shot_made_flag
3,0
4,0
10,0
15,1
25,1
26,1
29,0
30,1
42,1
47,1
48,1
51,1
53,1
54,0
61,1
63,1
68,0
70,1
75,0
79,1
81,0
87,0
89,0
90,0
97,0
108,0
127,0
129,0
136,1
138,1
143,1
154,1
157,0
160,1
162,1
167,0
180,0
187,0
189,0
207,0
215,1
220,0
225,0
238,0
244,1
246,0
248,1
250,1
252,1
255,1
258,1
261,0
266,1
270,0
278,0
287,0
291,1
304,1
308,0
319,0
324,1
330,0
331,1
336,0
337,1
355,0
356,0
360,0
362,1
376,0
383,0
385,1
394,0
401,1
407,0
411,0
425,0
426,1
427,0
429,1
430,1
435,1
441,0
445,0
447,0
451,0
452,1
460,0
461,0
468,0
473,0
474,0
486,0
489,0
494,1
500,0
503,1
505,1
520,0
524,0
526,0
534,1
535,1
536,1
545,1
562,0
572,0
576,1
579,0
586,0
600,0
615,0
619,0
620,1
630,0
633,0
643,0
661,1
663,0
666,0
685,1
686,1
687,0
689,0
695,0
702,1
703,1
706,0
708,1
719,1
720,0
726,1
738,0
741,0
750,0
759,0
769,0
779,0
780,0
781,0
787,0
796,0
800,0
801,0
807,0
810,1
814,0
816,0
830,0
836,0
838,0
839,0
841,0
843,0
849,0
853,0
861,0
874,0
875,0
901,0
910,1
913,1
914,1
916,0
929,1
930,1
936,0
942,0
956,0
961,0
968,0
972,0
982,1
987,0
990,0
994,0
996,0
997,1
1004,0
1006,1
1016,1
1031,0
1032,0
1037,0
1045,0
1047,0
1048,1
1053,0
1061,0
1062,1
1064,0
1065,0
1070,0
1074,0
1077,1
1079,0
1083,0
1091,0
1093,1
1111,1
1120,1
1122,0
1128,1
1136,0
1157,1
1161,1
1166,0
1178,0
1179,0
1182,0
1187,0
1189,0
1197,1
1201,0
1207,0
1217,0
1222,0
1224,0
1226,0
1230,0
1252,0
1253,0
1257,1
1262,1
1264,0
1266,0
1271,1
1276,1
1287,1
1292,0
1298,1
1300,0
1324,0
1331,0
1333,1
1336,1
1341,0
1342,0
1348,0
1350,0
1353,0
1361,0
1363,1
1368,1
1369,0
1383,1
1384,0
1394,0
1400,1
1408,1
1419,0
1424,0
1439,1
1440,1
1441,0
1450,0
1451,0
1456,1
1462,0
1469,1
1470,0
1477,0
1480,0
1482,1
1483,1
1492,1
1495,1
1508,1
1509,0
1535,0
1551,0
1553,0
1567,0
1575,0
1576,0
1581,1
1582,1
1589,0
1592,0
1596,0
1598,1
1616,0
1618,1
1619,1
1624,0
1631,0
1640,0
1641,0
1646,0
1649,1
1661,0
1664,0
1667,1
1672,0
1673,0
1674,1
1677,1
1679,0
1681,0
1683,0
1684,0
1701,1
1704,0
1723,0
1729,0
1730,0
1737,0
1751,0
1766,1
1775,0
1777,0
1791,0
1792,1
1799,0
1803,0
1819,0
1847,0
1854,0
1856,1
1857,1
1859,1
1867,0
1872,1
1877,0
1878,0
1887,1
1891,1
1898,1
1901,0
1902,1
1912,1
1915,1
1918,1
1922,0
1923,1
1930,1
1936,0
1939,1
1941,0
1948,1
1951,1
1954,1
1957,0
1964,0
1969,0
1970,1
1971,0
1986,0
1992,0
2000,0
2006,0
2012,0
2017,0
2023,0
2027,0
2028,0
2031,1
2053,1
2078,1
2082,1
2083,1
2084,1
2091,1
2110,1
2130,0
2133,0
2136,1
2155,1
2156,0
2166,0
2167,0
2170,1
2177,0
2179,1
2180,1
2206,0
2209,1
2224,0
2227,1
2235,1
2244,1
2248,0
2255,0
2263,0
2275,0
2279,0
2284,1
2288,1
2290,1
2292,1
2296,0
2297,0
2299,0
2315,1
2322,0
2326,1
2331,1
2344,1
2358,1
2367,0
2368,1
2375,1
2378,0
2381,0
2382,0
2390,1
2407,1
2417,0
2420,0
2422,0
2425,1
2429,0
2431,0
2433,0
2442,0
2455,0
2459,0
2461,0
2462,1
2471,0
2475,1
2479,0
2482,0
2488,1
2491,1
2500,0
2508,1
2509,0
2512,1
2514,1
2518,0
2519,0
2521,1
2527,0
2528,0
2530,0
2539,1
2548,0
2549,0
2550,0
2564,0
2573,0
2576,0
2589,1
2590,1
2592,0
2593,0
2597,0
2600,0
2610,1
2621,0
2626,1
2630,0
2636,1
2644,1
2645,0
2652,1
2654,1
2677,0
2679,1
2682,1
2683,0
2685,0
2697,0
2701,0
2706,0
2707,0
2712,0
2713,0
2714,0
2716,0
2720,0
2729,0
2735,0
2737,0
2753,0
2770,0
2773,0
2780,1
2784,0
2794,0
2800,0
2810,1
2833,1
2835,0
2839,0
2858,0
2869,0
2871,0
2872,1
2880,1
2881,1
2890,1
2895,0
2898,0
2915,0
2921,1
2940,0
2944,0
2947,1
2948,1
2949,0
2952,1
2964,0
2965,0
2978,1
2980,0
2987,0
2988,0
3001,0
3002,0
3005,0
3007,0
3010,0
3015,0
3033,0
3049,0
3053,1
3055,0
3059,0
3060,1
3064,1
3066,0
3073,0
3075,0
3086,0
3091,0
3092,0
3096,0
3101,0
3102,0
3110,0
3119,0
3120,0
3123,0
3129,0
3131,0
3134,0
3139,0
3142,1
3147,0
3157,1
3159,0
3164,1
3166,1
3175,1
3177,0
3178,1
3179,0
3183,1
3187,1
3188,1
3191,1
3201,0
3203,0
3208,0
3226,0
3244,0
3245,0
3265,0
3274,0
3279,1
3296,0
3297,0
3298,0
3299,0
3304,0
3305,0
3307,0
3309,0
3316,1
3317,0
3331,0
3336,0
3338,0
3351,0
3357,0
3358,1
3366,0
3369,0
3374,1
3385,1
3396,0
3397,0
3399,0
3416,0
3424,0
3427,1
3433,0
3440,0
3447,0
3460,0
3465,1
3470,0
3476,1
3477,0
3483,0
3485,0
3494,1
3504,0
3506,0
3507,0
3509,0
3521,0
3522,0
3528,0
3529,0
3535,0
3543,1
3560,0
3566,0
3568,1
3572,0
3583,1
3589,1
3592,1
3595,0
3596,1
3597,1
3610,0
3611,1
3619,0
3643,0
3646,0
3647,1
3655,0
3656,0
3663,0
3665,0
3666,0
3683,0
3691,0
3692,0
3701,1
3707,0
3708,0
3711,0
3738,1
3745,0
3751,1
3760,0
3761,0
3763,1
3766,1
3768,1
3769,0
3775,0
3776,0
3786,1
3792,0
3797,1
3802,0
3803,0
3807,0
3815,0
3827,0
3835,1
3838,0
3841,0
3842,1
3846,0
3850,0
3852,0
3854,0
3856,0
3857,0
3868,1
3873,1
3875,0
3884,1
3885,1
3889,0
3913,1
3920,0
3933,0
3946,0
3957,1
3966,0
3968,0
3980,0
3983,1
3985,0
3992,0
3994,1
3999,0
4012,0
4017,0
4021,0
4061,1
4064,0
4074,1
4081,0
4098,0
4101,1
4108,1
4109,0
4122,1
4135,0
4140,0
4141,0
4165,1
4171,1
4189,0
4192,0
4195,0
4209,0
4218,1
4220,0
4238,1
4240,0
4244,0
4247,0
4257,0
4258,1
4262,1
4286,1
4288,1
4297,0
4303,0
4311,0
4316,0
4318,0
4319,0
4320,0
4322,1
4331,0
4338,0
4339,0
4345,0
4349,0
4353,0
4356,0
4357,0
4362,0
4363,0
4364,0
4377,0
4378,0
4382,0
4386,0
4393,0
4396,0
4420,1
4421,0
4422,1
4432,0
4433,0
4441,0
4448,0
4465,0
4478,1
4481,0
4494,0
4500,0
4502,0
4504,0
4511,0
4513,0
4524,0
4526,0
4530,0
4533,0
4534,0
4535,0
4536,0
4543,0
4544,0
4548,0
4552,1
4557,0
4564,0
4565,0
4567,0
4570,0
4584,0
4585,0
4590,0
4594,1
4605,0
4608,0
4611,0
4617,0
4622,0
4627,0
4631,0
4634,1
4640,1
4661,0
4662,0
4667,0
4681,0
4682,0
4684,1
4716,0
4729,0
4732,0
4762,1
4764,1
4772,0
4775,1
4780,0
4785,1
4786,0
4792,0
4798,0
4808,0
4811,0
4812,0
4817,0
4821,0
4824,0
4840,0
4845,0
4852,1
4853,1
4854,1
4858,1
4868,0
4876,0
4878,0
4890,1
4905,1
4921,0
4926,0
4927,0
4937,1
4940,1
4943,0
4944,0
4962,1
4965,0
4967,0
4973,1
4975,0
4976,1
4986,0
4988,0
4995,0
5000,0
5011,1
5014,1
5021,0
5034,0
5038,0
5044,0
5047,1
5048,0
5059,0
5063,0
5071,0
5073,0
5077,0
5079,1
5081,0
5085,1
5086,0
5099,0
5102,1
5104,1
5105,1
5106,1
5117,0
5121,0
5127,0
5134,0
5136,1
5142,0
5155,0
5159,0
5183,1
5191,0
5194,1
5208,1
5210,1
5225,0
5233,0
5244,0
5256,0
5270,1
5274,0
5275,0
5277,0
5278,0
5279,0
5282,0
5291,0
5292,0
5294,0
5299,1
5302,1
5303,0
5307,1
5309,0
5323,0
5332,0
5339,0
5342,0
5343,0
5347,0
5349,0
5352,0
5359,0
5369,1
5373,1
5388,0
5390,0
5392,1
5400,0
5404,1
5418,0
5419,0
5432,1
5436,0
5437,0
5438,1
5445,0
5454,0
5462,0
5464,0
5468,1
5469,0
5471,1
5473,0
5475,1
5489,0
5495,0
5497,0
5503,0
5513,0
5514,0
5515,1
5519,0
5525,1
5526,1
5532,0
5538,0
5540,0
5542,0
5550,0
5563,0
5564,0
5597,0
5601,1
5611,1
5620,1
5621,1
5633,1
5660,0
5661,1
5673,0
5676,0
5682,0
5684,0
5692,0
5699,0
5712,1
5714,1
5716,1
5729,1
5735,1
5736,0
5758,0
5762,0
5768,1
5772,1
5773,0
5784,0
5787,1
5790,0
5791,0
5814,0
5824,1
5832,0
5833,0
5836,0
5837,0
5838,0
5857,1
5859,0
5861,1
5862,1
5864,0
5875,0
5883,0
5885,0
5886,1
5887,0
5897,0
5899,0
5911,0
5937,0
5938,0
5940,0
5943,0
5944,0
5959,0
5960,1
5964,0
5975,1
5978,0
5979,1
5986,0
5988,1
5994,0
6000,0
6002,0
6008,1
6019,0
6027,0
6045,1
6046,1
6048,0
6062,0
6063,0
6072,0
6074,0
6079,1
6090,0
6096,0
6111,0
6120,1
6129,1
6131,0
6138,0
6153,1
6157,1
6162,0
6164,0
6167,1
6177,0
6181,1
6182,0
6196,0
6197,0
6201,0
6203,0
6205,1
6216,0
6218,1
6220,0
6223,1
6229,1
6242,0
6243,0
6246,0
6249,0
6252,0
6257,0
6266,1
6273,1
6290,0
6296,0
6303,1
6308,0
6312,0
6314,1
6315,0
6317,0
6318,0
6321,0
6326,0
6330,0
6335,1
6336,0
6337,0
6340,0
6347,0
6350,0
6351,1
6352,0
6354,0
6359,0
6361,0
6364,0
6370,1
6379,1
6380,1
6382,0
6398,0
6399,0
6401,0
6418,0
6419,0
6434,0
6437,0
6441,1
6442,0
6444,1
6449,1
6458,0
6459,0
6464,1
6470,1
6481,1
6483,1
6486,0
6511,0
6516,1
6525,1
6529,1
6537,0
6549,0
6554,0
6563,0
6566,0
6567,0
6575,1
6610,1
6615,0
6616,1
6620,1
6621,1
6625,1
6638,1
6652,1
6653,1
6657,0
6659,1
6660,0
6673,1
6674,0
6678,1
6682,1
6683,0
6695,0
6701,0
6703,0
6707,0
6708,0
6714,1
6715,0
6719,0
6722,0
6726,0
6734,0
6740,0
6741,0
6744,0
6751,0
6762,0
6767,1
6777,1
6781,1
6785,1
6789,0
6791,1
6793,1
6797,1
6810,1
6819,0
6828,0
6848,1
6859,1
6862,0
6867,0
6871,0
6878,0
6889,0
6894,1
6898,0
6900,0
6904,0
6906,0
6931,0
6933,0
6953,0
6954,1
6955,0
6956,0
6958,0
6965,0
6980,1
7002,1
7007,0
7008,0
7013,0
7017,0
7029,1
7034,1
7037,0
7045,1
7052,1
7053,1
7060,0
7070,0
7084,1
7085,0
7089,0
7098,0
7102,0
7126,1
7127,1
7144,1
7145,1
7152,1
7154,1
7160,1
7161,0
7162,0
7166,0
7172,0
7173,0
7180,0
7188,0
7189,0
7191,0
7197,0
7203,0
7204,1
7206,0
7209,0
7218,0
7220,0
7221,0
7222,1
7229,0
7235,0
7256,1
7260,1
7262,1
7268,0
7283,0
7291,0
7296,1
7299,0
7311,0
7319,0
7325,1
7331,1
7335,0
7339,0
7348,0
7350,0
7355,1
7357,0
7359,1
7379,1
7383,0
7384,1
7386,1
7391,0
7397,0
7401,1
7402,0
7404,0
7408,1
7412,1
7413,0
7424,0
7427,0
7428,0
7429,0
7439,1
7442,1
7444,1
7446,0
7449,1
7464,1
7476,1
7478,1
7480,1
7484,0
7486,0
7490,1
7491,0
7494,1
7499,0
7502,0
7507,1
7511,1
7515,0
7517,1
7523,0
7531,0
7534,1
7540,1
7541,1
7546,0
7549,1
7553,0
7555,0
7557,0
7559,0
7607,0
7608,1
7623,0
7632,0
7633,0
7646,0
7668,1
7671,1
7675,1
7676,0
7677,0
7684,1
7687,0
7688,1
7693,0
7712,0
7716,1
7720,1
7744,0
7749,1
7750,0
7753,1
7762,0
7766,0
7772,0
7786,0
7792,0
7808,0
7811,0
7822,1
7824,1
7825,0
7834,1
7849,0
7852,1
7854,0
7859,0
7862,0
7873,1
7886,1
7887,0
7891,0
7906,0
7911,0
7916,0
7921,0
7924,1
7928,0
7932,0
7935,0
7939,0
7941,0
7946,1
7960,0
7978,0
7985,0
7991,0
7994,1
8003,1
8004,1
8007,1
8008,1
8012,1
8021,1
8022,0
8030,1
8032,0
8035,0
8036,0
8037,0
8044,0
8053,0
8056,1
8061,0
8066,0
8067,1
8075,1
8084,0
8087,0
8093,1
8094,0
8106,0
8113,0
8114,0
8120,1
8136,1
8150,1
8152,0
8159,0
8166,1
8174,0
8176,0
8179,0
8182,1
8188,0
8195,0
8200,0
8205,0
8216,0
8217,0
8220,0
8222,0
8228,0
8230,0
8232,0
8234,0
8236,1
8240,1
8241,0
8242,0
8243,0
8245,0
8263,1
8266,0
8267,1
8274,0
8287,0
8292,0
8311,0
8322,0
8326,0
8333,1
8339,1
8340,0
8354,0
8368,0
8370,1
8373,1
8376,0
8389,0
8391,1
8392,0
8395,0
8403,0
8407,1
8411,1
8416,0
8422,0
8429,0
8431,0
8438,0
8453,0
8454,0
8460,1
8466,1
8472,0
8495,0
8498,0
8500,0
8501,0
8502,0
8503,1
8505,0
8517,0
8520,0
8521,0
8522,0
8531,0
8534,0
8542,0
8547,0
8549,0
8558,1
8563,0
8571,0
8590,1
8595,0
8603,0
8610,0
8615,0
8623,1
8624,0
8628,0
8632,0
8645,0
8647,0
8648,0
8649,0
8651,0
8656,0
8671,1
8686,1
8690,0
8704,1
8712,0
8718,0
8719,0
8725,0
8730,0
8739,1
8741,0
8750,0
8761,0
8766,0
8770,0
8775,0
8789,0
8791,0
8792,0
8793,0
8797,0
8799,0
8807,0
8823,1
8827,0
8835,0
8857,0
8876,0
8885,0
8886,0
8892,0
8911,1
8926,0
8927,1
8935,1
8956,0
8963,1
8970,0
8971,1
8984,0
9011,0
9018,1
9019,0
9029,1
9033,0
9043,0
9046,1
9055,0
9062,0
9070,0
9080,0
9086,1
9088,1
9096,1
9103,0
9105,0
9111,1
9118,0
9122,1
9137,0
9141,0
9145,0
9153,1
9164,0
9166,1
9168,0
9169,1
9180,0
9181,0
9183,1
9186,0
9188,1
9190,1
9223,0
9231,0
9235,0
9237,1
9245,0
9253,1
9256,1
9260,0
9265,0
9287,0
9288,0
9292,0
9297,0
9302,0
9307,0
9308,0
9323,0
9326,0
9327,1
9331,0
9336,0
9339,0
9345,1
9350,1
9357,0
9361,0
9368,1
9372,1
9393,0
9394,0
9395,0
9403,1
9414,0
9438,0
9441,0
9443,0
9450,1
9454,0
9457,0
9460,0
9467,1
9469,1
9470,0
9474,0
9499,0
9518,1
9519,1
9520,0
9528,1
9555,0
9567,0
9570,1
9573,1
9595,0
9597,1
9600,0
9605,1
9606,0
9611,1
9612,1
9615,0
9625,0
9639,0
9642,0
9644,1
9657,0
9683,1
9684,0
9687,0
9702,1
9710,1
9711,1
9715,1
9725,1
9733,1
9735,1
9738,0
9750,0
9760,1
9765,0
9769,0
9788,1
9791,1
9795,0
9798,1
9801,0
9810,0
9816,0
9825,1
9829,0
9832,1
9835,1
9851,0
9852,0
9854,1
9858,0
9861,1
9870,1
9872,0
9878,0
9879,0
9883,0
9886,0
9892,0
9905,0
9914,0
9922,1
9927,0
9930,0
9936,0
9941,1
9952,0
9954,0
9957,1
9960,1
9961,1
9967,0
9974,0
9975,0
9981,0
9986,0
9991,1
9994,0
9996,0
9998,1
10003,1
10004,1
10020,0
10032,0
10034,0
10041,1
10047,1
10055,0
10057,1
10075,0
10094,1
10111,0
10120,0
10139,1
10144,1
10148,1
10149,1
10154,1
10174,0
10182,1
10184,1
10187,0
10192,0
10221,0
10229,1
10231,0
10243,0
10258,1
10281,0
10287,0
10288,0
10292,0
10294,0
10296,1
10303,0
10311,0
10317,0
10340,0
10346,0
10349,0
10363,0
10364,1
10365,0
10376,0
10382,0
10391,0
10392,0
10408,0
10436,0
10438,0
10443,0
10449,1
10458,0
10459,0
10464,0
10465,0
10470,0
10473,0
10474,0
10475,0
10479,0
10486,1
10492,0
10498,0
10512,1
10513,1
10538,0
10540,1
10548,1
10563,0
10569,0
10580,1
10586,0
10588,0
10592,1
10610,0
10625,0
10629,0
10631,1
10637,0
10640,0
10658,0
10663,0
10665,1
10668,1
10670,1
10672,1
10676,0
10680,0
10681,1
10682,0
10688,0
10696,0
10697,0
10701,0
10706,0
10710,0
10724,1
10730,1
10731,0
10734,0
10741,1
10752,1
10754,0
10755,0
10759,1
10760,0
10770,0
10771,1
10772,0
10777,0
10783,1
10811,0
10821,1
10823,1
10826,1
10828,0
10831,0
10839,0
10840,0
10859,0
10862,0
10864,1
10872,1
10875,0
10881,0
10889,0
10899,0
10904,1
10911,1
10918,0
10921,0
10922,0
10924,0
10927,0
10928,1
10929,0
10944,0
10950,1
10953,0
10961,0
10981,0
10982,0
10998,1
11003,0
11009,0
11013,1
11021,0
11025,0
11030,1
11032,0
11035,1
11036,0
11044,0
11046,0
11057,0
11060,0
11073,0
11076,0
11078,0
11082,1
11092,0
11103,1
11107,1
11109,0
11110,1
11126,0
11127,0
11131,0
11132,0
11147,0
11148,0
11171,0
11189,0
11196,0
11199,0
11203,1
11213,0
11226,0
11230,0
11231,0
11233,0
11241,0
11242,1
11248,1
11250,1
11252,1
11271,1
11274,1
11278,0
11283,1
11287,1
11289,1
11290,1
11294,1
11306,1
11317,1
11323,1
11325,0
11327,1
11338,0
11341,0
11344,0
11349,0
11353,1
11356,0
11359,0
11361,1
11365,1
11388,0
11392,1
11398,0
11405,0
11409,0
11413,0
11434,1
11440,1
11465,1
11470,0
11477,1
11487,0
11490,1
11491,0
11496,0
11499,0
11502,1
11504,0
11507,0
11509,0
11516,1
11525,0
11532,0
11544,0
11552,0
11558,0
11561,1
11562,0
11570,1
11571,0
11575,0
11581,0
11590,1
11592,0
11594,0
11595,0
11597,0
11599,0
11600,0
11601,0
11606,0
11607,0
11609,0
11634,1
11650,1
11653,0
11659,0
11662,0
11670,0
11672,0
11673,0
11678,0
11679,0
11680,0
11692,0
11695,0
11699,0
11709,0
11715,0
11722,0
11723,0
11725,0
11726,1
11730,0
11731,1
11732,1
11736,0
11737,0
11746,1
11747,1
11755,1
11760,1
11765,0
11777,1
11778,0
11780,0
11784,0
11802,0
11804,0
11818,0
11823,0
11827,1
11831,0
11833,0
11835,1
11840,0
11842,0
11851,0
11852,1
11853,0
11856,0
11867,1
11870,1
11876,0
11877,0
11882,0
11885,1
11890,0
11899,1
11901,0
11903,0
11923,0
11927,0
11933,0
11938,1
11940,0
11949,0
11952,1
11955,0
11959,0
11961,0
11962,1
11963,0
11971,0
11982,0
11992,1
11993,0
12004,1
12005,0
12006,0
12010,0
12012,0
12017,0
12020,1
12028,0
12030,0
12035,0
12038,1
12048,0
12052,0
12054,0
12058,0
12077,0
12081,0
12089,1
12090,0
12093,0
12100,0
12104,0
12105,0
12106,0
12107,0
12109,0
12110,0
12113,0
12116,1
12119,0
12123,0
12138,0
12150,0
12158,0
12164,0
12177,0
12178,1
12185,0
12187,0
12200,0
12213,0
12218,1
12221,1
12223,0
12231,0
12234,0
12239,0
12254,0
12258,0
12271,0
12273,1
12290,1
12297,1
12299,1
12301,1
12310,0
12314,0
12319,0
12341,1
12345,0
12346,1
12348,0
12350,1
12363,1
12370,1
12374,0
12375,0
12380,0
12384,0
12390,1
12394,1
12395,1
12399,0
12400,0
12404,0
12415,1
12428,0
12431,0
12440,0
12441,0
12442,0
12445,1
12447,0
12462,1
12467,1
12469,0
12470,1
12473,0
12476,1
12484,1
12488,0
12490,0
12492,1
12493,0
12511,1
12522,0
12535,1
12540,0
12549,1
12551,0
12554,0
12559,1
12564,1
12569,0
12570,1
12574,1
12577,1
12579,1
12581,1
12590,0
12595,0
12597,0
12619,1
12625,1
12640,0
12667,0
12668,0
12683,1
12685,1
12703,1
12735,0
12740,0
12743,0
12751,1
12759,0
12779,0
12789,1
12806,1
12812,0
12814,0
12818,0
12828,0
12835,0
12838,1
12870,1
12879,0
12899,0
12901,1
12904,0
12918,0
12932,0
12933,0
12940,0
12946,0
12956,0
12958,0
12963,0
12966,0
12967,0
12970,0
12976,0
12977,1
12985,0
12994,0
13005,0
13006,1
13009,0
13011,1
13018,0
13019,0
13020,0
13031,0
13035,0
13066,0
13071,1
13095,1
13100,0
13101,0
13102,0
13111,0
13115,0
13121,1
13123,1
13125,0
13137,1
13138,0
13139,0
13150,0
13152,0
13155,1
13165,0
13167,1
13174,0
13177,1
13182,0
13184,1
13189,1
13194,0
13214,0
13220,0
13225,1
13226,1
13227,1
13230,1
13239,0
13247,1
13249,1
13254,0
13256,1
13261,0
13265,0
13267,0
13269,1
13271,0
13272,1
13273,0
13281,0
13284,0
13289,0
13294,0
13306,0
13341,0
13356,1
13357,1
13369,1
13376,1
13378,1
13380,1
13381,1
13391,1
13399,0
13400,0
13406,0
13412,1
13414,0
13420,0
13424,0
13425,0
13429,0
13431,0
13448,0
13458,0
13473,0
13474,1
13478,0
13485,1
13493,0
13501,0
13504,1
13515,1
13521,0
13531,0
13533,0
13535,0
13537,0
13541,0
13542,0
13549,0
13553,0
13555,0
13556,0
13565,0
13569,1
13574,0
13581,0
13582,0
13586,0
13602,0
13605,1
13608,1
13612,1
13622,0
13627,1
13632,1
13636,1
13650,0
13655,1
13663,1
13665,0
13675,1
13678,0
13680,1
13681,1
13692,1
13695,1
13702,1
13704,0
13711,1
13732,0
13734,0
13735,1
13737,0
13748,0
13751,0
13754,1
13760,1
13762,0
13764,0
13766,1
13771,1
13773,1
13774,0
13783,1
13789,1
13794,1
13821,0
13859,0
13862,0
13865,0
13887,0
13892,1
13896,1
13897,1
13898,1
13909,0
13921,0
13952,0
13953,0
13964,0
13970,1
13979,0
13990,1
13999,0
14013,0
14015,1
14018,0
14028,0
14032,0
14036,0
14050,1
14052,1
14064,0
14066,1
14071,1
14079,1
14090,0
14094,0
14096,0
14099,1
14104,1
14105,0
14114,0
14122,1
14127,1
14129,1
14132,1
14144,0
14148,1
14154,1
14161,1
14195,1
14208,0
14221,1
14222,1
14228,1
14234,0
14237,0
14238,0
14239,0
14243,0
14244,0
14256,0
14257,1
14269,0
14272,0
14277,0
14287,0
14303,1
14327,1
14335,1
14336,0
14338,0
14345,0
14353,0
14362,1
14364,1
14366,1
14377,0
14378,0
14383,0
14391,0
14396,0
14403,0
14432,1
14434,0
14441,0
14442,1
14445,0
14452,0
14456,0
14464,0
14467,0
14506,0
14508,0
14513,1
14528,1
14529,1
14533,1
14539,0
14553,0
14554,0
14555,0
14558,0
14559,0
14562,0
14564,1
14573,0
14574,0
14579,0
14584,0
14594,1
14596,0
14598,1
14603,0
14607,1
14613,1
14614,1
14618,0
14650,0
14659,1
14672,1
14687,0
14693,0
14699,0
14701,0
14702,0
14739,0
14744,1
14745,0
14755,1
14772,0
14775,0
14778,0
14779,0
14780,0
14781,0
14784,0
14789,0
14790,1
14799,0
14803,0
14809,1
14811,0
14826,0
14828,1
14836,0
14840,0
14845,0
14847,1
14851,0
14859,0
14867,1
14868,0
14871,0
14885,1
14887,0
14894,1
14899,0
14907,0
14912,1
14921,0
14923,0
14925,1
14927,1
14932,1
14945,0
14970,0
14973,0
14982,0
14984,0
14991,0
14992,0
14999,0
15005,1
15008,1
15013,1
15023,0
15035,0
15040,0
15046,1
15050,1
15058,0
15059,1
15060,1
15062,1
15065,0
15067,0
15072,0
15093,0
15117,1
15123,1
15136,0
15145,1
15146,0
15153,1
15154,0
15159,0
15161,0
15163,0
15166,1
15171,1
15173,1
15180,1
15183,1
15184,1
15191,1
15195,0
15210,0
15211,0
15216,0
15222,1
15227,0
15236,0
15261,0
15264,0
15266,0
15271,0
15279,1
15280,0
15283,1
15298,1
15304,0
15305,0
15314,0
15315,0
15322,0
15326,0
15343,0
15352,0
15355,0
15366,0
15367,1
15386,0
15390,1
15416,0
15419,1
15423,0
15424,0
15431,0
15432,0
15447,0
15455,0
15458,1
15461,1
15462,0
15471,0
15483,1
15488,0
15491,1
15493,0
15501,1
15504,1
15507,1
15509,1
15521,0
15525,0
15530,1
15531,1
15551,0
15560,1
15576,1
15578,0
15584,0
15596,0
15602,0
15608,0
15625,0
15626,0
15630,0
15631,0
15633,1
15641,1
15643,1
15647,1
15650,0
15652,0
15660,0
15665,0
15669,1
15670,1
15676,0
15679,0
15681,0
15684,0
15687,0
15689,1
15693,0
15696,1
15697,1
15705,0
15706,1
15709,0
15712,1
15713,1
15720,0
15722,1
15731,0
15734,1
15738,0
15747,0
15750,0
15755,0
15762,0
15764,1
15773,0
15780,0
15787,0
15790,0
15792,0
15795,1
15800,0
15806,0
15809,0
15814,0
15817,0
15846,0
15859,1
15865,1
15866,0
15876,1
15882,0
15895,0
15904,0
15905,1
15914,0
15925,0
15927,1
15937,0
15939,0
15948,1
15950,1
15952,0
15953,1
15958,1
15961,1
15965,1
15969,1
15972,0
15998,1
16000,1
16012,1
16013,1
16022,1
16029,1
16031,0
16034,1
16048,0
16057,1
16073,1
16081,0
16082,0
16084,1
16092,1
16102,1
16103,0
16105,0
16119,0
16120,0
16122,0
16126,0
16137,0
16145,0
16147,0
16155,0
16170,0
16180,1
16187,1
16190,0
16192,0
16195,1
16200,0
16201,0
16202,0
16211,0
16213,1
16226,0
16235,0
16241,0
16244,0
16282,0
16287,1
16301,0
16306,0
16328,0
16331,0
16341,1
16345,0
16359,0
16365,1
16371,0
16380,0
16381,1
16386,1
16390,1
16402,0
16418,1
16421,0
16423,1
16428,1
16430,1
16437,0
16450,0
16455,0
16473,0
16475,0
16476,0
16479,1
16488,0
16493,0
16495,0
16500,0
16503,0
16505,0
16510,0
16515,1
16536,0
16545,1
16559,0
16578,1
16584,0
16608,0
16615,1
16618,0
16637,0
16644,0
16666,1
16680,0
16698,1
16699,1
16703,1
16705,1
16717,0
16721,0
16731,0
16733,0
16734,1
16739,0
16740,0
16743,0
16745,1
16770,0
16782,0
16795,1
16797,0
16816,1
16832,0
16845,1
16852,0
16856,1
16861,0
16877,1
16878,1
16889,1
16896,0
16898,0
16900,0
16908,0
16911,0
16920,0
16927,0
16929,1
16933,0
16948,1
16952,0
16953,0
16956,1
16959,0
16993,0
17004,1
17011,1
17013,0
17017,0
17023,1
17025,1
17031,0
17035,0
17048,0
17049,0
17051,0
17053,0
17064,1
17070,1
17075,0
17084,1
17088,1
17094,1
17097,0
17098,0
17104,1
17113,1
17115,0
17118,1
17122,1
17128,0
17129,0
17137,0
17140,0
17161,1
17171,0
17174,0
17186,1
17194,0
17198,0
17211,0
17213,0
17217,0
17226,1
17232,0
17237,0
17240,0
17241,0
17249,0
17274,0
17280,0
17283,1
17284,1
17288,1
17289,1
17303,0
17307,1
17310,0
17314,1
17321,1
17323,0
17325,1
17328,1
17329,0
17337,0
17338,1
17340,1
17346,1
17347,1
17363,0
17365,1
17373,0
17387,0
17391,1
17395,0
17403,0
17411,0
17414,0
17415,0
17423,0
17429,0
17439,1
17442,0
17447,0
17448,0
17457,1
17464,0
17471,0
17474,0
17476,0
17477,0
17479,1
17481,0
17486,1
17494,0
17500,0
17504,1
17505,0
17507,0
17517,0
17531,0
17532,0
17533,0
17538,0
17540,0
17543,0
17555,0
17559,0
17561,0
17564,0
17566,0
17573,0
17599,0
17601,1
17608,0
17618,0
17620,0
17626,0
17645,1
17673,0
17676,0
17683,0
17685,0
17690,0
17692,0
17698,0
17699,0
17700,0
17708,0
17712,0
17713,0
17714,0
17722,0
17726,0
17733,1
17734,1
17736,0
17739,0
17742,1
17743,0
17744,1
17749,0
17752,0
17761,0
17768,0
17772,0
17805,1
17824,0
17827,1
17830,0
17834,1
17837,1
17839,0
17851,0
17859,0
17864,1
17865,1
17873,1
17878,0
17883,1
17891,1
17897,0
17898,1
17900,0
17904,1
17920,0
17923,1
17930,1
17931,0
17937,0
17947,0
17951,1
17959,1
17963,0
17980,0
17982,1
17987,1
17995,0
17997,0
18004,1
18005,0
18007,1
18009,1
18011,0
18013,1
18016,0
18017,0
18040,0
18043,1
18047,1
18051,0
18052,1
18067,0
18072,1
18073,0
18080,0
18082,1
18086,1
18087,0
18092,0
18093,1
18096,0
18100,1
18101,0
18103,0
18111,1
18115,1
18124,0
18126,1
18134,1
18137,0
18141,0
18149,0
18154,1
18159,1
18160,0
18162,1
18179,0
18182,0
18184,0
18189,0
18192,0
18196,0
18198,0
18199,0
18210,0
18212,0
18216,1
18218,0
18222,0
18224,0
18231,0
18237,0
18242,1
18249,0
18259,0
18262,1
18264,0
18272,0
18284,0
18293,0
18299,0
18300,0
18306,1
18311,1
18317,0
18323,0
18327,1
18331,0
18333,0
18335,0
18360,0
18362,0
18375,0
18377,0
18378,0
18379,0
18382,1
18385,1
18390,0
18394,0
18406,1
18416,1
18426,0
18429,0
18430,1
18436,1
18452,0
18461,0
18479,1
18480,1
18483,0
18488,0
18496,1
18501,1
18502,0
18512,1
18520,0
18532,0
18559,0
18563,0
18573,0
18575,0
18576,0
18581,0
18583,0
18605,1
18607,0
18608,0
18609,1
18611,0
18614,0
18615,0
18617,0
18618,1
18620,1
18623,0
18638,0
18639,0
18641,0
18648,0
18650,1
18656,0
18657,0
18665,1
18693,0
18696,0
18700,1
18704,0
18713,0
18714,0
18715,1
18734,0
18742,1
18743,1
18744,0
18746,0
18747,0
18753,0
18755,0
18756,0
18764,0
18775,1
18786,1
18787,0
18790,1
18793,0
18795,0
18812,0
18814,0
18822,1
18833,1
18841,0
18851,0
18852,0
18856,0
18862,0
18863,1
18864,0
18873,1
18883,0
18892,0
18894,0
18902,0
18904,1
18908,1
18912,1
18913,1
18919,1
18928,1
18931,1
18934,0
18940,1
18941,0
18962,0
18964,0
18967,0
18969,0
18984,0
18989,0
19011,0
19025,1
19027,0
19029,1
19035,0
19037,0
19039,1
19045,0
19047,0
19049,0
19062,0
19065,0
19076,0
19077,1
19080,0
19088,0
19091,1
19094,0
19095,1
19097,0
19105,0
19109,1
19115,0
19118,0
19122,1
19132,0
19140,1
19143,0
19151,1
19156,0
19164,0
19165,0
19166,0
19173,0
19180,1
19182,0
19184,0
19185,0
19188,0
19190,0
19191,0
19194,0
19196,0
19204,0
19207,0
19215,0
19220,0
19221,0
19225,0
19230,0
19232,0
19245,0
19256,0
19259,0
19260,0
19262,0
19266,0
19268,0
19270,0
19272,0
19277,0
19288,0
19290,1
19301,1
19302,0
19306,1
19314,0
19322,0
19334,1
19338,0
19345,0
19346,1
19347,0
19349,0
19351,0
19361,1
19367,0
19374,1
19378,1
19392,0
19393,0
19397,0
19400,0
19404,0
19406,0
19410,1
19413,1
19414,1
19420,1
19424,0
19426,1
19427,0
19428,0
19438,0
19441,0
19442,1
19445,1
19448,1
19449,0
19452,1
19469,0
19470,0
19471,0
19474,1
19475,0
19481,0
19484,0
19486,1
19495,0
19497,1
19502,0
19505,1
19518,1
19521,0
19554,1
19559,0
19560,1
19567,0
19569,0
19577,1
19586,1
19588,0
19589,0
19593,0
19594,0
19602,0
19604,1
19612,0
19618,0
19626,1
19631,0
19634,1
19636,0
19647,0
19648,1
19651,1
19677,0
19680,0
19682,0
19684,0
19697,0
19699,0
19700,0
19701,1
19703,1
19713,1
19714,1
19733,1
19736,0
19737,0
19741,0
19749,0
19753,1
19756,0
19757,0
19759,1
19760,1
19767,1
19780,1
19781,0
19785,1
19787,0
19789,0
19801,1
19802,0
19806,1
19813,0
19815,0
19818,0
19824,1
19831,0
19845,0
19865,0
19871,0
19872,1
19876,0
19877,1
19879,0
19883,0
19889,1
19895,0
19899,0
19910,1
19911,0
19933,1
19941,1
19945,0
19957,1
19961,0
19962,0
19995,0
20000,1
20012,0
20024,0
20029,0
20030,0
20037,0
20047,0
20049,1
20062,0
20064,0
20070,0
20073,0
20076,0
20078,1
20086,0
20090,0
20091,0
20096,0
20100,0
20113,0
20114,0
20126,1
20151,0
20152,0
20156,0
20162,1
20182,0
20186,0
20187,1
20188,0
20198,0
20199,0
20200,0
20208,0
20209,0
20214,1
20244,0
20248,0
20252,1
20256,0
20257,0
20261,1
20272,1
20286,0
20290,0
20293,0
20298,0
20310,0
20311,0
20319,0
20322,1
20325,1
20329,0
20331,1
20333,0
20347,1
20352,1
20358,1
20364,0
20365,1
20367,1
20374,1
20377,0
20385,0
20399,1
20424,1
20429,1
20431,1
20440,0
20442,1
20445,1
20448,0
20449,1
20450,0
20451,0
20453,0
20479,0
20480,0
20491,1
20494,0
20518,0
20525,0
20536,1
20540,1
20542,1
20548,0
20558,0
20559,0
20565,1
20567,1
20576,1
20579,1
20590,0
20591,1
20592,1
20595,0
20604,0
20612,0
20616,1
20638,1
20640,0
20643,0
20671,0
20675,1
20677,1
20682,0
20692,1
20693,0
20700,1
20708,1
20710,0
20713,0
20717,1
20720,0
20729,0
20733,0
20745,0
20748,1
20755,0
20758,0
20761,0
20762,0
20766,0
20768,0
20770,0
20792,0
20822,0
20824,0
20827,0
20830,0
20834,1
20854,0
20871,0
20876,0
20878,1
20879,0
20880,0
20886,1
20887,0
20888,1
20893,0
20896,1
20906,0
20912,0
20915,0
20921,1
20927,0
20929,0
20933,1
20944,0
20945,0
20955,1
20974,0
20979,0
20980,0
20983,0
20988,0
20989,0
21006,0
21018,0
21022,0
21030,0
21032,0
21035,0
21037,0
21066,0
21071,0
21083,0
21095,0
21103,0
21105,0
21124,0
21126,0
21128,0
21130,0
21137,0
21138,0
21144,0
21154,0
21155,0
21157,0
21162,0
21167,0
21171,0
21179,0
21181,0
21183,0
21184,0
21185,1
21188,0
21189,0
21192,0
21193,1
21196,0
21201,0
21207,1
21226,0
21241,0
21242,0
21247,0
21248,0
21252,0
21256,0
21257,0
21263,0
21265,0
21272,0
21278,0
21289,0
21303,0
21313,1
21318,1
21322,0
21323,0
21328,0
21334,0
21340,0
21358,1
21359,0
21360,0
21363,0
21364,0
21372,1
21374,0
21383,0
21384,0
21386,0
21394,0
21396,0
21402,1
21407,0
21408,0
21415,0
21418,0
21427,0
21431,0
21432,1
21445,0
21452,0
21453,0
21454,0
21463,0
21500,0
21505,0
21506,0
21511,0
21514,0
21523,0
21547,1
21549,1
21553,1
21559,0
21563,0
21570,0
21573,0
21585,0
21592,0
21596,0
21597,0
21616,0
21627,1
21631,1
21634,0
21637,0
21640,0
21653,0
21664,0
21675,0
21676,0
21681,0
21683,1
21684,0
21685,0
21690,0
21693,0
21708,0
21715,0
21717,0
21725,0
21726,0
21733,0
21750,0
21761,0
21769,0
21783,0
21809,0
21810,1
21814,0
21815,0
21817,0
21825,0
21832,0
21836,0
21838,0
21839,0
21848,1
21850,0
21857,1
21866,0
21868,0
21870,0
21871,0
21873,0
21882,1
21890,0
21896,0
21904,0
21905,0
21910,0
21915,0
21929,0
21935,0
21939,0
21941,0
21943,0
21950,0
21960,0
21966,0
21975,0
21985,0
21988,0
21990,0
21991,0
21992,0
21998,0
22003,0
22012,0
22017,0
22023,0
22025,0
22026,0
22032,0
22038,0
22039,0
22046,0
22047,0
22053,0
22060,0
22067,0
22068,0
22070,0
22072,0
22073,0
22075,0
22077,0
22085,0
22089,0
22092,0
22094,0
22115,0
22120,0
22126,0
22136,0
22170,0
22172,0
22174,1
22178,1
22180,0
22182,0
22185,0
22196,0
22198,0
22200,0
22218,0
22221,1
22225,1
22226,1
22231,0
22238,0
22242,0
22253,0
22262,0
22265,0
22267,0
22275,0
22282,0
22285,0
22287,0
22296,0
22313,1
22316,0
22322,1
22328,0
22333,0
22334,0
22335,0
22363,0
22366,1
22367,0
22370,0
22377,0
22383,0
22385,0
22388,0
22397,0
22401,0
22402,0
22405,0
22407,0
22412,0
22415,0
22425,0
22429,0
22430,0
22431,0
22447,0
22455,0
22456,0
22465,0
22469,0
22474,0
22475,0
22479,0
22486,0
22487,0
22491,0
22493,0
22496,0
22500,0
22501,0
22503,0
22506,0
22510,0
22511,0
22519,0
22521,0
22538,0
22540,0
22542,1
22553,0
22559,0
22564,0
22574,0
22576,0
22588,0
22594,0
22596,0
22598,0
22604,0
22611,0
22618,1
22625,0
22629,1
22631,1
22657,0
22669,0
22676,0
22679,1
22684,0
22692,1
22693,0
22703,0
22704,0
22708,1
22710,0
22712,0
22718,0
22719,0
22723,0
22736,0
22738,0
22741,0
22762,0
22763,0
22773,0
22775,0
22777,1
22779,1
22781,1
22783,0
22803,0
22804,0
22808,0
22816,0
22817,0
22837,0
22840,0
22842,0
22844,0
22845,0
22849,0
22851,0
22852,0
22857,0
22858,0
22860,0
22873,0
22874,0
22879,0
22883,0
22891,0
22902,0
22931,0
22940,0
22943,0
22959,1
22967,1
22970,0
22979,0
22987,0
22992,1
22998,0
23001,1
23002,1
23003,0
23005,0
23007,0
23010,1
23015,0
23022,1
23036,0
23037,1
23043,1
23070,0
23081,0
23087,0
23092,0
23115,1
23118,1
23127,0
23128,0
23131,0
23150,0
23151,0
23164,1
23176,1
23180,0
23187,0
23190,0
23191,1
23205,0
23222,0
23225,0
23227,0
23232,0
23240,0
23247,1
23249,0
23250,1
23256,0
23261,1
23269,1
23270,1
23271,0
23285,1
23286,0
23293,1
23299,0
23311,1
23318,1
23320,0
23333,0
23340,0
23341,0
23349,0
23357,0
23371,1
23373,0
23393,0
23396,0
23409,0
23416,0
23418,0
23427,1
23446,0
23447,0
23453,1
23460,0
23467,0
23474,1
23482,0
23493,1
23500,0
23505,0
23507,0
23509,0
23511,0
23512,0
23514,0
23521,1
23526,0
23530,0
23538,0
23542,1
23543,0
23544,1
23562,0
23568,0
23572,1
23576,0
23586,0
23596,0
23598,0
23604,0
23606,0
23632,0
23636,1
23647,0
23652,0
23657,0
23662,0
23664,0
23666,1
23669,0
23681,0
23686,1
23697,1
23717,0
23729,0
23732,0
23738,1
23740,0
23743,1
23754,0
23757,0
23758,0
23760,0
23768,0
23770,0
23791,1
23792,1
23797,1
23801,1
23802,0
23814,0
23823,0
23824,0
23831,0
23835,1
23840,1
23841,1
23846,0
23853,0
23856,1
23858,0
23869,0
23881,0
23885,0
23888,0
23896,1
23910,0
23924,0
23929,1
23932,1
23938,0
23948,1
23949,1
23955,0
23956,0
23957,0
23968,0
23978,1
23986,0
23990,0
23991,0
24006,0
24009,1
24013,0
24021,1
24028,0
24029,0
24032,1
24039,1
24043,0
24047,0
24048,1
24061,0
24063,0
24078,0
24081,0
24088,1
24090,0
24110,1
24113,0
24114,0
24115,0
24129,1
24132,0
24138,1
24142,0
24143,0
24149,0
24168,0
24199,0
24212,0
24213,1
24220,1
24221,1
24223,1
24228,0
24231,0
24241,1
24255,0
24268,0
24269,1
24270,1
24275,0
24282,0
24306,0
24320,0
24324,0
24330,0
24338,0
24344,0
24351,1
24355,1
24361,0
24365,0
24368,0
24369,1
24376,1
24384,0
24389,1
24396,0
24397,1
24400,0
24402,0
24405,0
24415,0
24424,0
24432,0
24457,1
24458,0
24467,1
24473,1
24489,1
24490,0
24493,1
24500,0
24514,1
24515,0
24516,0
24526,1
24527,1
24544,1
24546,0
24551,0
24562,0
24565,1
24569,1
24573,1
24586,0
24587,0
24593,0
24594,0
24611,0
24615,0
24618,1
24629,0
24632,0
24643,0
24647,0
24662,0
24666,0
24700,1
24705,0
24706,0
24711,1
24720,0
24732,0
24745,0
24748,1
24756,0
24758,1
24761,0
24767,1
24778,0
24794,0
24807,1
24809,1
24814,1
24825,1
24838,1
24841,0
24849,0
24853,0
24870,0
24883,1
24884,0
24890,1
24891,1
24917,0
24918,1
24919,0
24930,1
24934,0
24935,0
24942,0
24962,0
24963,0
24964,0
24969,0
24977,0
24981,1
24987,0
24992,0
24997,1
25006,0
25015,1
25025,1
25028,0
25033,0
25035,1
25048,0
25066,0
25070,0
25074,0
25082,0
25086,0
25088,0
25094,1
25096,1
25107,0
25120,1
25132,0
25137,0
25146,0
25150,0
25153,0
25163,1
25164,1
25171,0
25173,0
25182,0
25184,0
25189,0
25194,0
25196,0
25203,0
25206,0
25212,0
25213,0
25215,0
25221,0
25228,0
25237,0
25249,0
25256,1
25269,1
25270,1
25272,1
25273,0
25285,0
25290,1
25293,0
25304,1
25306,0
25311,0
25316,0
25322,1
25326,0
25336,1
25344,0
25354,0
25362,1
25373,1
25388,0
25391,0
25410,0
25411,0
25419,0
25422,0
25430,0
25440,0
25444,0
25448,0
25469,1
25478,1
25479,0
25484,1
25489,1
25490,0
25491,0
25498,0
25503,0
25508,0
25509,1
25514,1
25524,0
25551,0
25558,0
25559,1
25562,0
25565,0
25566,1
25574,0
25581,1
25585,0
25589,0
25595,1
25604,1
25606,1
25610,1
25612,1
25625,0
25645,0
25646,0
25647,0
25653,0
25660,0
25666,1
25669,0
25674,1
25680,0
25683,1
25690,1
25701,1
25703,1
25708,1
25713,0
25714,1
25716,1
25721,0
25726,0
25729,0
25731,0
25734,1
25736,1
25742,0
25751,0
25752,1
25760,0
25771,0
25782,0
25785,0
25801,1
25808,1
25809,0
25828,0
25834,0
25838,1
25845,1
25853,0
25854,1
25857,1
25861,0
25865,0
25885,0
25895,1
25901,1
25910,0
25921,1
25927,0
25948,0
25960,0
25965,1
25979,0
25994,0
26005,1
26017,1
26032,0
26044,1
26049,0
26054,1
26061,0
26063,0
26065,0
26069,0
26076,0
26078,1
26080,0
26085,1
26090,0
26091,0
26094,0
26102,1
26111,0
26116,0
26125,1
26130,1
26137,0
26138,0
26145,0
26146,0
26147,1
26148,1
26149,1
26151,0
26155,0
26156,0
26160,0
26161,0
26171,0
26192,0
26195,1
26206,0
26223,1
26225,1
26228,0
26229,0
26231,1
26233,0
26235,0
26238,0
26240,1
26242,1
26247,0
26254,0
26262,0
26265,0
26289,0
26290,0
26296,0
26300,0
26302,1
26307,1
26312,0
26316,0
26325,1
26335,0
26337,1
26338,0
26341,0
26346,0
26352,1
26365,1
26372,1
26403,0
26407,1
26409,1
26410,1
26416,1
26418,1
26425,0
26427,1
26434,1
26444,0
26458,1
26460,0
26475,1
26489,1
26506,0
26512,1
26523,0
26528,1
26531,0
26537,0
26540,0
26541,0
26548,1
26554,1
26565,0
26592,0
26603,0
26607,0
26616,0
26629,1
26631,0
26638,0
26654,0
26658,0
26666,0
26683,0
26686,0
26708,0
26738,0
26743,1
26758,1
26764,0
26789,0
26792,0
26794,0
26802,0
26803,0
26807,0
26809,0
26814,0
26817,0
26822,1
26827,1
26840,1
26857,1
26862,1
26863,0
26865,1
26872,1
26882,0
26887,1
26892,0
26896,1
26897,0
26901,1
26926,0
26931,0
26936,1
26959,0
26966,0
26969,0
26981,0
26982,0
26983,0
26990,0
27009,0
27010,0
27012,1
27013,0
27018,1
27024,0
27028,0
27033,0
27054,1
27058,0
27059,0
27069,1
27078,0
27079,1
27091,0
27100,1
27104,0
27112,1
27113,0
27121,0
27123,0
27129,0
27130,0
27150,0
27153,0
27156,0
27166,0
27169,0
27170,0
27173,0
27179,0
27186,0
27189,0
27196,1
27200,1
27203,0
27211,1
27212,0
27222,0
27224,0
27231,0
27238,0
27243,0
27246,1
27253,1
27255,1
27262,0
27272,0
27273,0
27284,0
27286,1
27294,0
27297,0
27311,0
27322,0
27324,0
27325,1
27328,0
27348,0
27349,0
27364,0
27368,1
27369,0
27378,0
27394,1
27406,1
27413,0
27416,0
27430,0
27431,0
27438,0
27447,0
27455,0
27460,0
27461,0
27470,0
27472,1
27490,0
27491,1
27497,0
27499,0
27503,0
27504,0
27510,0
27511,0
27512,0
27528,0
27529,0
27538,1
27541,1
27543,1
27560,0
27565,0
27577,0
27579,0
27599,0
27600,0
27601,1
27604,0
27610,0
27615,0
27620,0
27622,0
27623,0
27625,0
27630,0
27636,1
27646,0
27653,0
27657,0
27658,0
27660,0
27667,1
27670,0
27674,0
27682,1
27686,0
27690,0
27691,0
27700,0
27710,0
27712,0
27715,0
27721,1
27725,1
27726,0
27727,0
27731,1
27735,0
27736,0
27749,1
27752,1
27754,0
27756,1
27764,0
27765,0
27771,0
27801,0
27810,1
27812,0
27813,1
27819,1
27821,1
27825,0
27827,1
27828,1
27829,1
27837,1
27852,0
27869,1
27875,0
27877,1
27882,1
27892,0
27902,0
27904,0
27905,0
27909,0
27913,1
27920,1
27934,0
27935,1
27937,0
27950,0
27951,0
27955,1
27962,1
27977,1
27991,0
27998,1
28001,0
28005,0
28012,0
28018,0
28021,0
28023,0
28024,0
28031,0
28036,0
28040,0
28046,0
28054,0
28059,1
28065,0
28070,1
28078,1
28080,0
28085,1
28094,1
28100,0
28102,0
28104,0
28106,0
28107,0
28108,1
28109,0
28112,1
28117,0
28122,0
28124,1
28128,0
28154,1
28156,0
28169,0
28172,0
28180,0
28182,0
28191,0
28193,0
28207,0
28208,1
28223,0
28226,1
28243,0
28244,0
28247,1
28250,0
28258,0
28264,0
28283,0
28292,0
28293,0
28314,1
28317,0
28326,1
28334,0
28335,0
28341,0
28342,0
28346,1
28354,1
28358,1
28363,1
28364,1
28378,0
28386,0
28398,0
28403,0
28411,0
28418,0
28420,0
28430,0
28432,1
28439,0
28440,1
28443,0
28450,0
28456,1
28460,0
28463,0
28466,0
28468,0
28469,0
28473,0
28476,0
28482,0
28485,0
28489,0
28501,0
28505,0
28515,0
28525,0
28534,0
28538,0
28542,1
28548,1
28564,0
28577,0
28594,1
28595,0
28602,0
28609,1
28614,0
28621,0
28622,0
28626,0
28631,0
28632,0
28637,0
28638,0
28656,1
28657,0
28663,0
28675,1
28678,0
28679,0
28682,0
28688,0
28692,0
28694,0
28698,0
28699,0
28702,0
28704,1
28715,0
28721,0
28733,0
28741,1
28758,0
28777,1
28784,1
28787,1
28792,1
28798,1
28803,1
28817,0
28821,1
28822,1
28833,0
28843,0
28855,0
28859,0
28867,1
28868,1
28873,1
28875,0
28880,1
28886,1
28889,1
28892,1
28901,0
28910,1
28911,1
28923,0
28934,0
28953,0
28968,0
28969,1
28982,1
29003,0
29007,0
29014,0
29033,0
29034,0
29035,0
29045,0
29052,0
29053,0
29058,0
29060,1
29061,0
29062,1
29073,1
29082,0
29084,1
29095,0
29103,0
29116,0
29121,1
29128,0
29132,1
29143,1
29144,0
29149,0
29179,1
29183,1
29184,1
29186,0
29187,1
29191,0
29207,0
29211,1
29216,0
29223,0
29224,0
29233,0
29238,1
29244,0
29251,0
29264,0
29270,0
29271,0
29277,0
29281,0
29287,0
29293,0
29297,0
29308,0
29345,0
29346,1
29355,0
29360,0
29361,0
29378,0
29381,1
29383,1
29388,1
29391,1
29394,1
29402,0
29409,0
29424,0
29443,0
29453,0
29454,0
29457,0
29469,0
29471,0
29472,0
29487,0
29488,0
29491,1
29492,0
29500,0
29501,0
29503,0
29506,0
29514,0
29518,0
29519,1
29525,0
29526,0
29532,0
29534,0
29541,0
29550,1
29554,0
29555,0
29571,1
29572,1
29588,0
29589,0
29623,1
29636,0
29647,0
29655,0
29658,0
29666,0
29667,0
29668,0
29675,0
29676,0
29677,0
29678,0
29683,0
29685,0
29686,0
29693,0
29700,0
29707,0
29720,0
29723,0
29728,0
29729,1
29733,0
29741,0
29745,0
29753,1
29757,0
29758,0
29762,0
29774,1
29775,0
29790,0
29792,0
29799,0
29801,0
29809,0
29810,0
29813,0
29821,0
29828,0
29835,0
29844,0
29850,0
29851,1
29853,0
29855,0
29869,0
29874,1
29876,0
29884,0
29887,1
29890,1
29891,1
29892,0
29895,1
29899,1
29902,0
29904,0
29905,0
29906,0
29918,0
29919,0
29921,1
29923,0
29930,0
29932,0
29954,1
29959,1
29966,1
29972,0
29988,0
29992,0
29998,0
30006,0
30008,0
30020,0
30024,0
30027,0
30035,1
30036,0
30048,0
30049,0
30051,0
30066,0
30081,0
30085,0
30099,0
30100,0
30109,0
30118,1
30138,0
30142,0
30148,0
30154,1
30160,1
30161,1
30165,0
30166,1
30183,0
30188,0
30200,0
30201,0
30203,1
30206,0
30211,0
30214,0
30216,0
30223,0
30224,0
30227,1
30232,0
30235,1
30240,1
30245,1
30274,0
30277,0
30282,1
30283,0
30288,0
30289,0
30309,1
30310,0
30314,0
30317,0
30319,0
30325,1
30327,1
30328,1
30332,0
30338,0
30340,1
30352,0
30357,0
30361,0
30363,1
30370,0
30373,0
30377,0
30389,1
30403,0
30411,1
30412,0
30415,1
30418,1
30425,1
30427,1
30439,0
30445,0
30450,0
30454,1
30456,1
30466,0
30470,1
30472,1
30473,0
30475,1
30479,1
30483,0
30512,0
30518,0
30519,0
30523,0
30530,0
30539,0
30546,0
30548,0
30549,0
30550,0
30552,0
30553,1
30556,0
30562,0
30569,1
30574,0
30583,0
30585,0
30588,0
30589,0
30590,0
30595,0
30599,0
30608,0
30610,0
30615,0
30640,0
30641,0
30652,0
30654,1
30661,1
30662,1
30674,0
30680,0
30685,0
30689,0
30697,0
